,enerProc,Meses,Dia,enerSol,SF,enerHPump_util,enerHPump_excess,enerCald_util,enerCald_excess,ElectrHPump,CaldF,HPumpF,enerPeak,enerSto
1,338.13380370677703,Enero,1,11.36043129010264,3.3597443277082655,326.77337241667436,403.22662758332564,0,0,365.0,0.0,96.64025567229173,11.36043129010264,0.0
2,338.13380370677703,Enero,2,11.432228390519825,3.3809776677736805,326.7015753162572,403.2984246837428,0,0,365.0,0.0,96.61902233222632,11.432228390519825,0.0
3,338.13380370677703,Enero,3,11.379219776567837,3.365300851859127,326.7545839302092,403.2454160697908,0,0,365.0,0.0,96.63469914814088,11.379219776567837,0.0
4,338.13380370677703,Enero,4,11.284082640399431,3.337164908299072,326.8497210663776,403.1502789336224,0,0,365.0,0.0,96.66283509170093,11.284082640399431,0.0
5,338.13380370677703,Enero,5,11.238423485305699,3.3236616280611324,326.8953802214713,403.1046197785287,0,0,365.0,0.0,96.67633837193887,11.238423485305699,0.0
6,338.13380370677703,Enero,6,11.488638314171542,3.3976603901259934,326.64516539260546,403.35483460739454,0,0,365.0,0.0,96.602339609874,11.488638314171542,0.0
7,338.13380370677703,Enero,7,11.404801831057119,3.372866512023488,326.7290018757199,403.2709981242801,0,0,365.0,0.0,96.62713348797651,11.404801831057119,0.0
8,338.13380370677703,Enero,8,10.984798603074609,3.248654373698883,327.1490051037024,402.8509948962976,0,0,365.0,0.0,96.75134562630112,10.984798603074609,0.0
9,338.13380370677703,Enero,9,10.996818182658078,3.2522090551450167,327.1369855241189,402.8630144758811,0,0,365.0,0.0,96.74779094485497,10.996818182658078,0.0
10,338.13380370677703,Enero,10,5.384302775813845,1.5923586215837227,332.74950093096317,397.25049906903683,0,0,365.0,0.0,98.40764137841627,5.384302775813845,0.0
11,338.13380370677703,Enero,11,10.811929127752961,3.1975297971476557,327.3218745790241,402.6781254209759,0,0,365.0,0.0,96.80247020285235,10.811929127752961,0.0
12,338.13380370677703,Enero,12,10.77783147921223,3.18744572741936,327.3559722275648,402.6440277724352,0,0,365.0,0.0,96.81255427258064,10.77783147921223,0.0
13,338.13380370677703,Enero,13,9.353646207064347,2.7662558740136034,328.7801574997127,401.2198425002873,0,0,365.0,0.0,97.2337441259864,9.353646207064347,0.0
14,338.13380370677703,Enero,14,10.711005119691189,3.1676824388074376,327.4227985870858,402.5772014129142,0,0,365.0,0.0,96.83231756119255,10.711005119691189,0.0
15,338.13380370677703,Enero,15,11.153115549497453,3.2984325811947555,326.9806881572796,403.0193118427204,0,0,365.0,0.0,96.70156741880524,11.153115549497453,0.0
16,338.13380370677703,Enero,16,10.466411383497011,3.0953460638242714,327.66739232328,402.33260767672,0,0,365.0,0.0,96.90465393617572,10.466411383497011,0.0
17,338.13380370677703,Enero,17,7.568825331849033,2.2384113179090988,330.564978374928,399.435021625072,0,0,365.0,0.0,97.76158868209089,7.568825331849033,0.0
18,338.13380370677703,Enero,18,10.723857318241146,3.171483359747333,327.4099463885359,402.5900536114641,0,0,365.0,0.0,96.82851664025267,10.723857318241146,0.0
19,338.13380370677703,Enero,19,10.999559070112188,3.2530196477045483,327.13424463666485,402.86575536333515,0,0,365.0,0.0,96.74698035229545,10.999559070112188,0.0
20,338.13380370677703,Enero,20,10.973868724600159,3.2454219614541944,327.1599349821769,402.8400650178231,0,0,365.0,0.0,96.7545780385458,10.973868724600159,0.0
21,338.13380370677703,Enero,21,10.805438528542695,3.195610261407924,327.3283651782343,402.6716348217657,0,0,365.0,0.0,96.80438973859206,10.805438528542695,0.0
22,338.13380370677703,Enero,22,10.881755515143917,3.2181803167424103,327.2520481916331,402.7479518083669,0,0,365.0,0.0,96.78181968325758,10.881755515143917,0.0
23,338.13380370677703,Enero,23,11.05791710699754,3.270278506844216,327.0758865997795,402.9241134002205,0,0,365.0,0.0,96.72972149315578,11.05791710699754,0.0
24,338.13380370677703,Enero,24,11.089767433721825,3.2796979515655447,327.0440362730552,402.9559637269448,0,0,365.0,0.0,96.72030204843446,11.089767433721825,0.0
25,338.13380370677703,Enero,25,11.183772882213635,3.3074992087783044,326.9500308245634,403.0499691754366,0,0,365.0,0.0,96.69250079122169,11.183772882213635,0.0
26,338.13380370677703,Enero,26,11.190808191171673,3.309579837476445,326.94299551560533,403.05700448439467,0,0,365.0,0.0,96.69042016252355,11.190808191171673,0.0
27,338.13380370677703,Enero,27,11.304884189006453,3.343316777286729,326.8289195177706,403.1710804822294,0,0,365.0,0.0,96.65668322271328,11.304884189006453,0.0
28,338.13380370677703,Enero,28,11.367330930044865,3.3617848335277327,326.76647277673214,403.23352722326786,0,0,365.0,0.0,96.63821516647226,11.367330930044865,0.0
29,338.13380370677703,Enero,29,11.116216334387174,3.287519973609896,327.01758737238987,402.98241262761013,0,0,365.0,0.0,96.71248002639011,11.116216334387174,0.0
30,338.13380370677703,Enero,30,10.364667918181402,3.065256358447213,327.76913578859563,402.23086421140437,0,0,365.0,0.0,96.93474364155279,10.364667918181402,0.0
31,338.13380370677703,Enero,31,11.385180208368514,3.367063595404829,326.7486234984085,403.2513765015915,0,0,365.0,0.0,96.63293640459517,11.385180208368514,0.0
32,341.8091711383724,Febrero,1,11.152192184211017,3.2626954236100203,330.6569789541614,399.3430210458386,0,0,365.0,0.0,96.73730457638999,11.152192184211017,0.0
33,341.8091711383724,Febrero,2,11.166129889639345,3.2667730513055875,330.643041248733,399.356958751267,0,0,365.0,0.0,96.73322694869441,11.166129889639345,0.0
34,341.8091711383724,Febrero,3,10.990025818135688,3.2152518850018414,330.8191453202367,399.1808546797633,0,0,365.0,0.0,96.78474811499817,10.990025818135688,0.0
35,341.8091711383724,Febrero,4,8.086429324955017,2.3657730709868634,333.7227418134174,396.2772581865826,0,0,365.0,0.0,97.63422692901314,8.086429324955017,0.0
36,341.8091711383724,Febrero,5,10.525696026375117,3.079407141511153,331.2834751119973,398.7165248880027,0,0,365.0,0.0,96.92059285848885,10.525696026375117,0.0
37,341.8091711383724,Febrero,6,10.071449702871005,2.9465124266059686,331.7377214355014,398.2622785644986,0,0,365.0,0.0,97.05348757339402,10.071449702871005,0.0
38,341.8091711383724,Febrero,7,8.241926022466108,2.4112653253325327,333.5672451159063,396.4327548840937,0,0,365.0,0.0,97.58873467466748,8.241926022466108,0.0
39,341.8091711383724,Febrero,8,5.324741478600529,1.5578111789297042,336.4844296597719,393.5155703402281,0,0,365.0,0.0,98.4421888210703,5.324741478600529,0.0
40,341.8091711383724,Febrero,9,6.3263385846225315,1.8508393334073183,335.48283255374986,394.51716744625014,0,0,365.0,0.0,98.14916066659268,6.3263385846225315,0.0
41,341.8091711383724,Febrero,10,9.961348084951252,2.914300997768917,331.84782305342117,398.15217694657883,0,0,365.0,0.0,97.08569900223108,9.961348084951252,0.0
42,341.8091711383724,Febrero,11,10.73144231795553,3.1396004625081257,331.07772882041684,398.92227117958316,0,0,365.0,0.0,96.86039953749187,10.73144231795553,0.0
43,341.8091711383724,Febrero,12,10.481962349874943,3.0666123775922904,331.32720878849744,398.67279121150256,0,0,365.0,0.0,96.93338762240771,10.481962349874943,0.0
44,341.8091711383724,Febrero,13,10.341732003270176,3.025586460663924,331.4674391351022,398.5325608648978,0,0,365.0,0.0,96.97441353933608,10.341732003270176,0.0
45,341.8091711383724,Febrero,14,10.403837861998223,3.0437562068182498,331.40533327637417,398.59466672362583,0,0,365.0,0.0,96.95624379318176,10.403837861998223,0.0
46,341.8091711383724,Febrero,15,10.58674071395344,3.097266430474938,331.222430424419,398.777569575581,0,0,365.0,0.0,96.90273356952507,10.58674071395344,0.0
47,341.8091711383724,Febrero,16,10.205582025208079,2.9857543000438156,331.60358911316433,398.39641088683567,0,0,365.0,0.0,97.01424569995619,10.205582025208079,0.0
48,341.8091711383724,Febrero,17,10.213783244055305,2.988153656041173,331.59538789431707,398.40461210568293,0,0,365.0,0.0,97.01184634395882,10.213783244055305,0.0
49,341.8091711383724,Febrero,18,10.21101049855357,2.987342459111465,331.59816063981884,398.40183936018116,0,0,365.0,0.0,97.01265754088854,10.21101049855357,0.0
50,341.8091711383724,Febrero,19,10.207488846942589,2.986312161533652,331.6016822914298,398.3983177085702,0,0,365.0,0.0,97.01368783846635,10.207488846942589,0.0
51,341.8091711383724,Febrero,20,10.23891104788592,2.9955050690377667,331.5702600904865,398.4297399095135,0,0,365.0,0.0,97.00449493096224,10.23891104788592,0.0
52,341.8091711383724,Febrero,21,10.218112443761958,2.9894202106196346,331.5910586946104,398.4089413053896,0,0,365.0,0.0,97.01057978938036,10.218112443761958,0.0
53,341.8091711383724,Febrero,22,5.481885330141305,1.6037853261468247,336.32728580823107,393.67271419176893,0,0,365.0,0.0,98.39621467385317,5.481885330141305,0.0
54,341.8091711383724,Febrero,23,9.768790299753123,2.8579661181175524,332.0403808386193,397.9596191613807,0,0,365.0,0.0,97.14203388188245,9.768790299753123,0.0
55,341.8091711383724,Febrero,24,9.777716457632952,2.860577562933413,332.03145468073944,397.96854531926056,0,0,365.0,0.0,97.13942243706659,9.777716457632952,0.0
56,341.8091711383724,Febrero,25,9.713229696780502,2.841711257901959,332.0959414415919,397.9040585584081,0,0,365.0,0.0,97.15828874209804,9.713229696780502,0.0
57,341.8091711383724,Febrero,26,9.778482969840722,2.8608018144376124,332.0306881685317,397.9693118314683,0,0,365.0,0.0,97.13919818556239,9.778482969840722,0.0
58,341.8091711383724,Febrero,27,9.709571748442366,2.840641085230479,332.09959938993,397.90040061007,0,0,365.0,0.0,97.15935891476951,9.709571748442366,0.0
59,341.8091711383724,Febrero,28,9.653481838769203,2.824231370568242,332.1556892996032,397.8443107003968,0,0,365.0,0.0,97.17576862943176,9.653481838769203,0.0
60,367.5367431595402,Marzo,1,9.59625969020329,2.6109660785772784,357.9404834693369,372.0595165306631,0,0,365.0,0.0,97.38903392142272,9.59625969020329,0.0
61,367.5367431595402,Marzo,2,9.481079456187404,2.5796276515602306,358.0556637033528,371.9443362966472,0,0,365.0,0.0,97.42037234843977,9.481079456187404,0.0
62,367.5367431595402,Marzo,3,9.413680236100573,2.5612895611947804,358.12306292343965,371.87693707656035,0,0,365.0,0.0,97.43871043880522,9.413680236100573,0.0
63,367.5367431595402,Marzo,4,9.345835659471781,2.542830297490813,358.1909075000684,371.8090924999316,0,0,365.0,0.0,97.45716970250918,9.345835659471781,0.0
64,367.5367431595402,Marzo,5,9.277692302956137,2.5242897412651013,358.25905085658405,371.74094914341595,0,0,365.0,0.0,97.47571025873489,9.277692302956137,0.0
65,367.5367431595402,Marzo,6,9.240755941677168,2.5142400354965173,358.29598721786306,371.70401278213694,0,0,365.0,0.0,97.48575996450349,9.240755941677168,0.0
66,367.5367431595402,Marzo,7,8.337622623415431,2.268514040729865,359.1991205361248,370.8008794638752,0,0,365.0,0.0,97.73148595927013,8.337622623415431,0.0
67,367.5367431595402,Marzo,8,9.193184269497612,2.5012966568915362,358.3435588900426,371.6564411099574,0,0,365.0,0.0,97.49870334310846,9.193184269497612,0.0
68,367.5367431595402,Marzo,9,9.207804184838473,2.505274467440539,358.3289389747017,371.6710610252983,0,0,365.0,0.0,97.49472553255946,9.207804184838473,0.0
69,367.5367431595402,Marzo,10,9.054998573418148,2.463698866017202,358.48174458612203,371.51825541387797,0,0,365.0,0.0,97.53630113398279,9.054998573418148,0.0
70,367.5367431595402,Marzo,11,9.126254324732242,2.4830862477253657,358.41048883480795,371.58951116519205,0,0,365.0,0.0,97.51691375227463,9.126254324732242,0.0
71,367.5367431595402,Marzo,12,9.183387430058424,2.498631116745817,358.3533557294818,371.6466442705182,0,0,365.0,0.0,97.50136888325417,9.183387430058424,0.0
72,367.5367431595402,Marzo,13,9.215093559470974,2.507257772448315,358.32164960006924,371.67835039993076,0,0,365.0,0.0,97.49274222755169,9.215093559470974,0.0
73,367.5367431595402,Marzo,14,8.173545691598887,2.223871719963225,359.36319746794135,370.63680253205865,0,0,365.0,0.0,97.77612828003677,8.173545691598887,0.0
74,367.5367431595402,Marzo,15,8.891306858372,2.4191613556613754,358.6454363011682,371.3545636988318,0,0,365.0,0.0,97.58083864433863,8.891306858372,0.0
75,367.5367431595402,Marzo,16,8.762868039766794,2.3842155111993826,358.77387511977344,371.22612488022656,0,0,365.0,0.0,97.61578448880063,8.762868039766794,0.0
76,367.5367431595402,Marzo,17,8.847667609474035,2.407287917233745,358.68907555006615,371.31092444993385,0,0,365.0,0.0,97.59271208276625,8.847667609474035,0.0
77,367.5367431595402,Marzo,18,8.823088779951847,2.4006004689773084,358.7136543795884,371.2863456204116,0,0,365.0,0.0,97.5993995310227,8.823088779951847,0.0
78,367.5367431595402,Marzo,19,8.762624962078437,2.3841493742231807,358.77411819746175,371.22588180253825,0,0,365.0,0.0,97.61585062577682,8.762624962078437,0.0
79,367.5367431595402,Marzo,20,8.904306362269498,2.4226982820066834,358.6324367972707,371.3675632027293,0,0,365.0,0.0,97.57730171799331,8.904306362269498,0.0
80,367.5367431595402,Marzo,21,8.685122762986195,2.3630624487566294,358.85162039655404,371.14837960344596,0,0,365.0,0.0,97.63693755124338,8.685122762986195,0.0
81,367.5367431595402,Marzo,22,8.656611892914633,2.355305164457251,358.8801312666256,371.1198687333744,0,0,365.0,0.0,97.64469483554275,8.656611892914633,0.0
82,367.5367431595402,Marzo,23,8.53423532171783,2.3220087462148764,359.00250783782235,370.99749216217765,0,0,365.0,0.0,97.67799125378511,8.53423532171783,0.0
83,367.5367431595402,Marzo,24,8.302613842058093,2.2589887940684337,359.23412931748214,370.76587068251786,0,0,365.0,0.0,97.74101120593157,8.302613842058093,0.0
84,367.5367431595402,Marzo,25,6.08326617373586,1.655145039769599,361.45347698580434,368.54652301419566,0,0,365.0,0.0,98.34485496023039,6.08326617373586,0.0
85,367.5367431595402,Marzo,26,7.735220990188047,2.104611616158971,359.80152216935215,370.19847783064785,0,0,365.0,0.0,97.89538838384104,7.735220990188047,0.0
86,367.5367431595402,Marzo,27,6.855072842589058,1.8651394643319812,360.68167031695117,369.31832968304883,0,0,365.0,0.0,98.13486053566803,6.855072842589058,0.0
87,367.5367431595402,Marzo,28,7.577710477953852,2.0617558976040997,359.95903268158634,370.04096731841366,0,0,365.0,0.0,97.9382441023959,7.577710477953852,0.0
88,367.5367431595402,Marzo,29,7.5980570614842735,2.0672918294283606,359.93868609805594,370.06131390194406,0,0,365.0,0.0,97.93270817057163,7.5980570614842735,0.0
89,367.5367431595402,Marzo,30,6.792887768027119,1.8482200472344243,360.7438553915131,369.2561446084869,0,0,365.0,0.0,98.15177995276557,6.792887768027119,0.0
90,367.5367431595402,Marzo,31,7.628850760545442,2.0756702295840697,359.90789239899476,370.09210760100524,0,0,365.0,0.0,97.92432977041592,7.628850760545442,0.0
91,445.6178823729892,Abri,1,5.968605583611695,1.3393999252965072,439.6492767893775,290.3507232106225,0,0,365.0,0.0,98.6606000747035,5.968605583611695,0.0
92,445.6178823729892,Abri,2,7.519000597260691,1.6873202119315243,438.0988817757285,291.9011182242715,0,0,365.0,0.0,98.31267978806848,7.519000597260691,0.0
93,445.6178823729892,Abri,3,7.572022727768655,1.699218776285722,438.0458596452205,291.9541403547795,0,0,365.0,0.0,98.30078122371427,7.572022727768655,0.0
94,445.6178823729892,Abri,4,7.514735235579312,1.6863630327315633,438.10314713740985,291.89685286259015,0,0,365.0,0.0,98.31363696726844,7.514735235579312,0.0
95,445.6178823729892,Abri,5,7.345125701150234,1.6483013792077241,438.272756671839,291.727243328161,0,0,365.0,0.0,98.35169862079228,7.345125701150234,0.0
96,445.6178823729892,Abri,6,7.267018586261396,1.6307735559361567,438.3508637867278,291.6491362132722,0,0,365.0,0.0,98.36922644406386,7.267018586261396,0.0
97,445.6178823729892,Abri,7,7.299102841191273,1.63797350373875,438.31877953179793,291.68122046820207,0,0,365.0,0.0,98.36202649626125,7.299102841191273,0.0
98,445.6178823729892,Abri,8,7.311528472379247,1.6407619087106973,438.30635390060996,291.69364609939004,0,0,365.0,0.0,98.3592380912893,7.311528472379247,0.0
99,445.6178823729892,Abri,9,7.050687492701819,1.5822272336010703,438.5671948802874,291.4328051197126,0,0,365.0,0.0,98.41777276639894,7.050687492701819,0.0
100,445.6178823729892,Abri,10,6.9549620883003245,1.560745733825581,438.6629202846889,291.3370797153111,0,0,365.0,0.0,98.43925426617443,6.9549620883003245,0.0
101,445.6178823729892,Abri,11,6.927510890150462,1.5545854787649716,438.6903714828387,291.3096285171613,0,0,365.0,0.0,98.44541452123504,6.927510890150462,0.0
102,445.6178823729892,Abri,12,6.927412241029175,1.554563341161166,438.69047013196,291.30952986804,0,0,365.0,0.0,98.44543665883883,6.927412241029175,0.0
103,445.6178823729892,Abri,13,6.966040120107786,1.5632317273742395,438.6518422528814,291.3481577471186,0,0,365.0,0.0,98.43676827262577,6.966040120107786,0.0
104,445.6178823729892,Abri,14,6.81617617440073,1.52960113227581,438.8017061985885,291.1982938014115,0,0,365.0,0.0,98.4703988677242,6.81617617440073,0.0
105,445.6178823729892,Abri,15,3.8169641352623596,0.8565554225374422,441.8009182377268,288.1990817622732,0,0,365.0,0.0,99.14344457746256,3.8169641352623596,0.0
106,445.6178823729892,Abri,16,1.1859114891142037,0.26612744596312615,444.431970883875,285.568029116125,0,0,365.0,0.0,99.73387255403688,1.1859114891142037,0.0
107,445.6178823729892,Abri,17,6.093990619691898,1.3675372692048142,439.5238917532973,290.4761082467027,0,0,365.0,0.0,98.63246273079518,6.093990619691898,0.0
108,445.6178823729892,Abri,18,6.046676290444153,1.356919578326749,439.571206082545,290.428793917455,0,0,365.0,0.0,98.64308042167325,6.046676290444153,0.0
109,445.6178823729892,Abri,19,3.1934014824534733,0.7166232794447298,442.42448089053573,287.57551910946427,0,0,365.0,0.0,99.28337672055527,3.1934014824534733,0.0
110,445.6178823729892,Abri,20,3.539783754347034,0.794354063058937,442.0780986186422,287.9219013813578,0,0,365.0,0.0,99.20564593694107,3.539783754347034,0.0
111,445.6178823729892,Abri,21,4.43350041442409,0.994910794606124,441.1843819585651,288.8156180414349,0,0,365.0,0.0,99.00508920539389,4.43350041442409,0.0
112,445.6178823729892,Abri,22,5.751953049134641,1.2907814692050812,439.8659293238546,290.1340706761454,0,0,365.0,0.0,98.70921853079493,5.751953049134641,0.0
113,445.6178823729892,Abri,23,5.8121546346998185,1.304291157201576,439.80572773828936,290.19427226171064,0,0,365.0,0.0,98.69570884279842,5.8121546346998185,0.0
114,445.6178823729892,Abri,24,5.595498605297075,1.2556719168225736,440.02238376769213,289.97761623230787,0,0,365.0,0.0,98.74432808317744,5.595498605297075,0.0
115,445.6178823729892,Abri,25,5.509956388171562,1.236475600761381,440.1079259848176,289.8920740151824,0,0,365.0,0.0,98.7635243992386,5.509956388171562,0.0
116,445.6178823729892,Abri,26,5.668844860605381,1.2721313674437482,439.9490375123838,290.0509624876162,0,0,365.0,0.0,98.72786863255627,5.668844860605381,0.0
117,445.6178823729892,Abri,27,4.739271836484707,1.0635281984751819,440.8786105365045,289.1213894634955,0,0,365.0,0.0,98.93647180152482,4.739271836484707,0.0
118,445.6178823729892,Abri,28,4.8307330712075744,1.084052786545082,440.7871493017816,289.2128506982184,0,0,365.0,0.0,98.91594721345491,4.8307330712075744,0.0
119,445.6178823729892,Abri,29,5.601446606738778,1.2570066930236607,440.0164357662504,289.9835642337496,0,0,365.0,0.0,98.74299330697635,5.601446606738778,0.0
120,445.6178823729892,Abri,30,5.587534821056506,1.2538847838201546,440.03034755193266,289.96965244806734,0,0,365.0,0.0,98.74611521617985,5.587534821056506,0.0
121,475.3475211530053,Mayo,1,5.31932622200475,1.1190394364742169,470.02819493100054,259.97180506899946,0,0,365.0,0.0,98.88096056352579,5.31932622200475,0.0
122,475.3475211530053,Mayo,2,5.455017933763327,1.1475852278626821,469.892503219242,260.107496780758,0,0,365.0,0.0,98.85241477213732,5.455017933763327,0.0
123,475.3475211530053,Mayo,3,3.763195367522345,0.7916724501674733,471.5843257854829,258.4156742145171,0,0,365.0,0.0,99.20832754983252,3.763195367522345,0.0
124,475.3475211530053,Mayo,4,5.253137782128757,1.1051152153663746,470.0943833708765,259.9056166291235,0,0,365.0,0.0,98.89488478463363,5.253137782128757,0.0
125,475.3475211530053,Mayo,5,5.3470669128834505,1.1248753122586144,470.0004542401218,259.9995457598782,0,0,365.0,0.0,98.87512468774138,5.3470669128834505,0.0
126,475.3475211530053,Mayo,6,5.225291419624937,1.0992571091883352,470.1222297333804,259.8777702666196,0,0,365.0,0.0,98.90074289081167,5.225291419624937,0.0
127,475.3475211530053,Mayo,7,3.6102359172324054,0.7594940031401446,471.7372852357729,258.2627147642271,0,0,365.0,0.0,99.24050599685987,3.6102359172324054,0.0
128,475.3475211530053,Mayo,8,4.361058850003643,0.9174464272844922,470.98646230300164,259.01353769699836,0,0,365.0,0.0,99.0825535727155,4.361058850003643,0.0
129,475.3475211530053,Mayo,9,3.659912983255386,0.7699446868635988,471.6876081697499,258.3123918302501,0,0,365.0,0.0,99.2300553131364,3.659912983255386,0.0
130,475.3475211530053,Mayo,10,2.8564849784275803,0.6009256073322685,472.4910361745777,257.5089638254223,0,0,365.0,0.0,99.39907439266773,2.8564849784275803,0.0
131,475.3475211530053,Mayo,11,3.3770323763059604,0.7104344139871843,471.9704887766993,258.0295112233007,0,0,365.0,0.0,99.28956558601281,3.3770323763059604,0.0
132,475.3475211530053,Mayo,12,4.934646366085539,1.0381134110294792,470.41287478691976,259.58712521308024,0,0,365.0,0.0,98.96188658897053,4.934646366085539,0.0
133,475.3475211530053,Mayo,13,4.2568926550081825,0.8955327345943959,471.0906284979971,258.9093715020029,0,0,365.0,0.0,99.1044672654056,4.2568926550081825,0.0
134,475.3475211530053,Mayo,14,3.04326339480575,0.6402186315022733,472.3042577581995,257.6957422418005,0,0,365.0,0.0,99.35978136849772,3.04326339480575,0.0
135,475.3475211530053,Mayo,15,4.863649694166969,1.0231776705955415,470.48387145883834,259.51612854116166,0,0,365.0,0.0,98.97682232940446,4.863649694166969,0.0
136,475.3475211530053,Mayo,16,4.363532273394384,0.9179667673053554,470.98398887961093,259.01601112038907,0,0,365.0,0.0,99.08203323269466,4.363532273394384,0.0
137,475.3475211530053,Mayo,17,3.510088331654536,0.7384257149675354,471.8374328213508,258.1625671786492,0,0,365.0,0.0,99.26157428503247,3.510088331654536,0.0
138,475.3475211530053,Mayo,18,4.788004265019255,1.007263959935133,470.55951688798604,259.44048311201396,0,0,365.0,0.0,98.99273604006487,4.788004265019255,0.0
139,475.3475211530053,Mayo,19,4.7451827642526245,0.9982554979444693,470.6023383887527,259.3976616112473,0,0,365.0,0.0,99.00174450205553,4.7451827642526245,0.0
140,475.3475211530053,Mayo,20,4.735721681377525,0.9962651472107259,470.61179947162776,259.38820052837224,0,0,365.0,0.0,99.00373485278926,4.735721681377525,0.0
141,475.3475211530053,Mayo,21,3.627300297055643,0.7630838777190309,471.72022085594966,258.27977914405034,0,0,365.0,0.0,99.23691612228097,3.627300297055643,0.0
142,475.3475211530053,Mayo,22,4.740917561455426,0.997358216985298,470.60660359154986,259.39339640845014,0,0,365.0,0.0,99.0026417830147,4.740917561455426,0.0
143,475.3475211530053,Mayo,23,4.646134772862678,0.977418534042839,470.7013863801426,259.2986136198574,0,0,365.0,0.0,99.02258146595716,4.646134772862678,0.0
144,475.3475211530053,Mayo,24,4.5504811841653,0.9572956587903584,470.79703996884,259.20296003116,0,0,365.0,0.0,99.04270434120964,4.5504811841653,0.0
145,475.3475211530053,Mayo,25,4.363977865664345,0.9180605076216782,470.9835432873409,259.0164567126591,0,0,365.0,0.0,99.08193949237831,4.363977865664345,0.0
146,475.3475211530053,Mayo,26,1.9156988511237703,0.4030101695864621,473.43182230188154,256.56817769811846,0,0,365.0,0.0,99.59698983041353,1.9156988511237703,0.0
147,475.3475211530053,Mayo,27,2.633861395136619,0.5540917492843787,472.7136597578687,257.2863402421313,0,0,365.0,0.0,99.44590825071563,2.633861395136619,0.0
148,475.3475211530053,Mayo,28,0.4858790436111861,0.10221554168046054,474.8616421093941,255.1383578906059,0,0,365.0,0.0,99.89778445831953,0.4858790436111861,0.0
149,475.3475211530053,Mayo,29,4.253981642396029,0.8949203378777595,471.0935395106093,258.9064604893907,0,0,365.0,0.0,99.10507966212224,4.253981642396029,0.0
150,475.3475211530053,Mayo,30,4.213771521480633,0.8864612381399798,471.13374963152467,258.86625036847533,0,0,365.0,0.0,99.11353876186001,4.213771521480633,0.0
151,475.3475211530053,Mayo,31,3.680310673142452,0.7742357978885579,471.66721047986283,258.33278952013717,0,0,365.0,0.0,99.22576420211145,3.680310673142452,0.0
152,486.1285989523518,Junio,1,4.21889962219436,0.8678567011458379,481.9096993301574,248.09030066984258,0,0,365.0,0.0,99.13214329885416,4.21889962219436,0.0
153,486.1285989523518,Junio,2,4.285226260949636,0.8815005474240069,481.8433726914022,248.15662730859782,0,0,365.0,0.0,99.11849945257599,4.285226260949636,0.0
154,486.1285989523518,Junio,3,4.3953193703954,0.904147458073375,481.7332795819564,248.26672041804358,0,0,365.0,0.0,99.09585254192663,4.3953193703954,0.0
155,486.1285989523518,Junio,4,4.4600377836076825,0.9174604812840554,481.66856116874413,248.33143883125587,0,0,365.0,0.0,99.08253951871595,4.4600377836076825,0.0
156,486.1285989523518,Junio,5,3.8888840277173307,0.7999702210687057,482.2397149246345,247.76028507536552,0,0,365.0,0.0,99.2000297789313,3.8888840277173307,0.0
157,486.1285989523518,Junio,6,3.9223624843309945,0.8068569701070903,482.2062364680208,247.7937635319792,0,0,365.0,0.0,99.19314302989291,3.9223624843309945,0.0
158,486.1285989523518,Junio,7,3.6773074646976514,0.7564474652638333,482.45129148765415,247.54870851234585,0,0,365.0,0.0,99.24355253473617,3.6773074646976514,0.0
159,486.1285989523518,Junio,8,3.6519636289494515,0.7512340637476878,482.4766353234024,247.52336467659762,0,0,365.0,0.0,99.24876593625231,3.6519636289494515,0.0
160,486.1285989523518,Junio,9,3.5435290471842036,0.7289283236618476,482.5850699051676,247.4149300948324,0,0,365.0,0.0,99.27107167633815,3.5435290471842036,0.0
161,486.1285989523518,Junio,10,3.0956657114615975,0.636799751780294,483.0329332408902,246.9670667591098,0,0,365.0,0.0,99.36320024821971,3.0956657114615975,0.0
162,486.1285989523518,Junio,11,1.0663254651389815,0.21935049026883072,485.06227348721285,244.93772651278715,0,0,365.0,0.0,99.78064950973118,1.0663254651389815,0.0
163,486.1285989523518,Junio,12,0.7899077295597652,0.16248945881029897,485.338691222792,244.66130877720798,0,0,365.0,0.0,99.8375105411897,0.7899077295597652,0.0
164,486.1285989523518,Junio,13,0.8151604051346214,0.16768410805111258,485.3134385472172,244.68656145278283,0,0,365.0,0.0,99.83231589194888,0.8151604051346214,0.0
165,486.1285989523518,Junio,14,0.34136209222168473,0.07022053278851499,485.7872368601301,244.21276313986988,0,0,365.0,0.0,99.92977946721149,0.34136209222168473,0.0
166,486.1285989523518,Junio,15,3.5795747478221642,0.7363431724725619,482.54902420452964,247.45097579547036,0,0,365.0,0.0,99.26365682752744,3.5795747478221642,0.0
167,486.1285989523518,Junio,16,3.6843583413700935,0.7578978791435429,482.4442406109817,247.5557593890183,0,0,365.0,0.0,99.24210212085646,3.6843583413700935,0.0
168,486.1285989523518,Junio,17,3.6520031397258705,0.751242191386445,482.47659581262593,247.52340418737407,0,0,365.0,0.0,99.24875780861355,3.6520031397258705,0.0
169,486.1285989523518,Junio,18,3.5395377882708403,0.7281072942219082,482.589061164081,247.410938835919,0,0,365.0,0.0,99.2718927057781,3.5395377882708403,0.0
170,486.1285989523518,Junio,19,3.4032475265047486,0.7000714489620719,482.72535142584707,247.27464857415293,0,0,365.0,0.0,99.29992855103794,3.4032475265047486,0.0
171,486.1285989523518,Junio,20,3.5214156351985824,0.7243794425564615,482.6071833171532,247.39281668284679,0,0,365.0,0.0,99.27562055744353,3.5214156351985824,0.0
172,486.1285989523518,Junio,21,3.6317213086418425,0.7470700790837052,482.49687764371,247.50312235629002,0,0,365.0,0.0,99.2529299209163,3.6317213086418425,0.0
173,486.1285989523518,Junio,22,3.0196337384662466,0.6211594514237205,483.10896521388554,246.89103478611446,0,0,365.0,0.0,99.37884054857628,3.0196337384662466,0.0
174,486.1285989523518,Junio,23,0.611743420794588,0.1258398337627012,485.5168555315572,244.4831444684428,0,0,365.0,0.0,99.8741601662373,0.611743420794588,0.0
175,486.1285989523518,Junio,24,3.542278641023207,0.7286711065049695,482.5863203113286,247.41367968867138,0,0,365.0,0.0,99.27132889349504,3.542278641023207,0.0
176,486.1285989523518,Junio,25,3.486705428870881,0.7172393141207956,482.6418935234809,247.35810647651908,0,0,365.0,0.0,99.2827606858792,3.486705428870881,0.0
177,486.1285989523518,Junio,26,2.488491866273225,0.5118999111832003,483.64010708607856,246.35989291392144,0,0,365.0,0.0,99.4881000888168,2.488491866273225,0.0
178,486.1285989523518,Junio,27,3.5273127614104713,0.7255925220223884,482.6012861909413,247.39871380905868,0,0,365.0,0.0,99.2744074779776,3.5273127614104713,0.0
179,486.1285989523518,Junio,28,1.9523207078113411,0.4016058121284691,484.17627824454047,245.82372175545953,0,0,365.0,0.0,99.59839418787153,1.9523207078113411,0.0
180,486.1285989523518,Junio,29,3.0074209482880496,0.618647196393978,483.1211780040638,246.87882199593622,0,0,365.0,0.0,99.38135280360602,3.0074209482880496,0.0
181,486.1285989523518,Junio,30,3.6622806626442026,0.7533563486157216,482.4663182897076,247.5336817102924,0,0,365.0,0.0,99.24664365138428,3.6622806626442026,0.0
182,514.5514404233563,Julio,1,0.6290559558121996,0.12225326884609101,513.9223844675441,216.07761553245587,0,0,365.0,0.0,99.87774673115392,0.6290559558121996,0.0
183,514.5514404233563,Julio,2,3.4344184371115754,0.6674587159421508,511.11702198624477,218.88297801375523,0,0,365.0,0.0,99.33254128405785,3.4344184371115754,0.0
184,514.5514404233563,Julio,3,1.4015540738873646,0.27238366541821574,513.1498863494689,216.85011365053106,0,0,365.0,0.0,99.72761633458178,1.4015540738873646,0.0
185,514.5514404233563,Julio,4,3.5113063439613756,0.6824014215318076,511.04013407939493,218.95986592060507,0,0,365.0,0.0,99.31759857846819,3.5113063439613756,0.0
186,514.5514404233563,Julio,5,1.6872325364908252,0.32790356880599236,512.8642078868655,217.13579211313447,0,0,365.0,0.0,99.672096431194,1.6872325364908252,0.0
187,514.5514404233563,Julio,6,0.4546211315828295,0.08835290232766269,514.0968192917735,215.9031807082265,0,0,365.0,0.0,99.91164709767234,0.4546211315828295,0.0
188,514.5514404233563,Julio,7,3.4118428807098535,0.6630712913567397,511.13959754264647,218.86040245735353,0,0,365.0,0.0,99.33692870864326,3.4118428807098535,0.0
189,514.5514404233563,Julio,8,3.6475097608144016,0.7088717423108073,510.90393066254194,219.09606933745806,0,0,365.0,0.0,99.2911282576892,3.6475097608144016,0.0
190,514.5514404233563,Julio,9,3.7478437086306275,0.7283710459632613,510.8035967147257,219.1964032852743,0,0,365.0,0.0,99.27162895403674,3.7478437086306275,0.0
191,514.5514404233563,Julio,10,2.5927996460523737,0.503895129303127,511.95864077730397,218.04135922269603,0,0,365.0,0.0,99.49610487069688,2.5927996460523737,0.0
192,514.5514404233563,Julio,11,3.7885009297314074,0.7362725341152191,510.7629394936249,219.2370605063751,0,0,365.0,0.0,99.26372746588477,3.7885009297314074,0.0
193,514.5514404233563,Julio,12,3.7459536971969842,0.72800373352661,510.80548672615936,219.19451327384064,0,0,365.0,0.0,99.2719962664734,3.7459536971969842,0.0
194,514.5514404233563,Julio,13,0.05020351302045698,0.00975675298453176,514.5012369103358,215.49876308966418,0,0,365.0,0.0,99.99024324701546,0.05020351302045698,0.0
195,514.5514404233563,Julio,14,3.7165599439443895,0.7222912330954752,510.83488047941194,219.16511952058806,0,0,365.0,0.0,99.27770876690452,3.7165599439443895,0.0
196,514.5514404233563,Julio,15,3.8452030016589998,0.7472922432197043,510.7062374216973,219.29376257830268,0,0,365.0,0.0,99.2527077567803,3.8452030016589998,0.0
197,514.5514404233563,Julio,16,3.789034820753044,0.736376292647349,510.7624056026033,219.23759439739672,0,0,365.0,0.0,99.26362370735265,3.789034820753044,0.0
198,514.5514404233563,Julio,17,3.968212949276681,0.7711984920325485,510.58322747407965,219.41677252592035,0,0,365.0,0.0,99.22880150796746,3.968212949276681,0.0
199,514.5514404233563,Julio,18,3.9523761928277965,0.7681207129798158,510.59906423052854,219.40093576947146,0,0,365.0,0.0,99.23187928702019,3.9523761928277965,0.0
200,514.5514404233563,Julio,19,4.300865050378408,0.8358474415774243,510.2505753729779,219.7494246270221,0,0,365.0,0.0,99.16415255842257,4.300865050378408,0.0
201,514.5514404233563,Julio,20,4.357246905450265,0.8468049184480492,510.19419351790606,219.80580648209394,0,0,365.0,0.0,99.15319508155194,4.357246905450265,0.0
202,514.5514404233563,Julio,21,4.460730344311494,0.8669163068791236,510.0907100790448,219.9092899209552,0,0,365.0,0.0,99.13308369312087,4.460730344311494,0.0
203,514.5514404233563,Julio,22,4.197473537734682,0.8157539184578195,510.3539668856216,219.64603311437838,0,0,365.0,0.0,99.18424608154217,4.197473537734682,0.0
204,514.5514404233563,Julio,23,4.363083630522355,0.8479392511140481,510.188356792834,219.81164320716601,0,0,365.0,0.0,99.15206074888594,4.363083630522355,0.0
205,514.5514404233563,Julio,24,3.3168166263035053,0.6446035062256429,511.23462379705285,218.76537620294715,0,0,365.0,0.0,99.35539649377436,3.3168166263035053,0.0
206,514.5514404233563,Julio,25,4.717900613749126,0.9168958131508466,509.8335398096072,220.1664601903928,0,0,365.0,0.0,99.08310418684916,4.717900613749126,0.0
207,514.5514404233563,Julio,26,4.800023098227816,0.9328558276464082,509.7514173251285,220.2485826748715,0,0,365.0,0.0,99.0671441723536,4.800023098227816,0.0
208,514.5514404233563,Julio,27,4.862886113275761,0.9450728792586287,509.6885543100806,220.31144568991942,0,0,365.0,0.0,99.05492712074138,4.862886113275761,0.0
209,514.5514404233563,Julio,28,4.906052509214942,0.9534620105578561,509.6453879141414,220.3546120858586,0,0,365.0,0.0,99.04653798944216,4.906052509214942,0.0
210,514.5514404233563,Julio,29,4.925792693929949,0.957298397586287,509.62564772942636,220.37435227057364,0,0,365.0,0.0,99.0427016024137,4.925792693929949,0.0
211,514.5514404233563,Julio,30,4.832386020459468,0.9391453683393709,509.71905440289686,220.28094559710314,0,0,365.0,0.0,99.06085463166063,4.832386020459468,0.0
212,514.5514404233563,Julio,31,4.90837532149395,0.9539134352545,509.64306510186236,220.35693489813764,0,0,365.0,0.0,99.0460865647455,4.90837532149395,0.0
213,485.14850097059303,Agosto,1,4.8686724152522585,1.0035427102241774,480.27982855534077,249.72017144465923,0,0,365.0,0.0,98.99645728977582,4.8686724152522585,0.0
214,485.14850097059303,Agosto,2,5.021968879702591,1.0351405538006588,480.12653209089046,249.87346790910954,0,0,365.0,0.0,98.96485944619936,5.021968879702591,0.0
215,485.14850097059303,Agosto,3,3.060177665442559,0.6307713327610693,482.0883233051505,247.91167669484952,0,0,365.0,0.0,99.36922866723893,3.060177665442559,0.0
216,485.14850097059303,Agosto,4,5.115285634719335,1.0543752324258742,480.0332153358737,249.9667846641263,0,0,365.0,0.0,98.94562476757413,5.115285634719335,0.0
217,485.14850097059303,Agosto,5,5.124167187287462,1.0562059198443365,480.02433378330556,249.97566621669444,0,0,365.0,0.0,98.94379408015567,5.124167187287462,0.0
218,485.14850097059303,Agosto,6,5.225193252869399,1.0770296604886593,479.9233077177236,250.07669228227638,0,0,365.0,0.0,98.92297033951134,5.225193252869399,0.0
219,485.14850097059303,Agosto,7,5.168857037165253,1.0654175014092355,479.9796439334278,250.02035606657222,0,0,365.0,0.0,98.93458249859076,5.168857037165253,0.0
220,485.14850097059303,Agosto,8,5.147363835058915,1.0609872698279077,480.0011371355341,249.99886286446588,0,0,365.0,0.0,98.9390127301721,5.147363835058915,0.0
221,485.14850097059303,Agosto,9,5.200235940105768,1.0718853979146843,479.9482650304873,250.05173496951272,0,0,365.0,0.0,98.92811460208532,5.200235940105768,0.0
222,485.14850097059303,Agosto,10,5.39354240603764,1.111730201216177,479.7549585645554,250.2450414354446,0,0,365.0,0.0,98.88826979878382,5.39354240603764,0.0
223,485.14850097059303,Agosto,11,5.390932221926733,1.1111921836595557,479.7575687486663,250.2424312513337,0,0,365.0,0.0,98.88880781634045,5.390932221926733,0.0
224,485.14850097059303,Agosto,12,5.462681730390574,1.125981368480347,479.6858192402025,250.31418075979752,0,0,365.0,0.0,98.87401863151966,5.462681730390574,0.0
225,485.14850097059303,Agosto,13,3.6407240263038063,0.7504349738317518,481.5077769442892,248.49222305571078,0,0,365.0,0.0,99.24956502616826,3.6407240263038063,0.0
226,485.14850097059303,Agosto,14,2.911645723195621,0.6001555641974681,482.2368552473974,247.7631447526026,0,0,365.0,0.0,99.39984443580254,2.911645723195621,0.0
227,485.14850097059303,Agosto,15,1.6905274592657897,0.3484556699409981,483.4579735113272,246.54202648867278,0,0,365.0,0.0,99.651544330059,1.6905274592657897,0.0
228,485.14850097059303,Agosto,16,5.539194786692313,1.141752427475411,479.60930618390074,250.39069381609926,0,0,365.0,0.0,98.85824757252459,5.539194786692313,0.0
229,485.14850097059303,Agosto,17,5.704792652443064,1.175885866086363,479.44370831814996,250.55629168185004,0,0,365.0,0.0,98.82411413391364,5.704792652443064,0.0
230,485.14850097059303,Agosto,18,5.782685406212686,1.191941311710494,479.36581556438034,250.63418443561966,0,0,365.0,0.0,98.8080586882895,5.782685406212686,0.0
231,485.14850097059303,Agosto,19,5.8007466094094235,1.1956641312514398,479.3477543611836,250.6522456388164,0,0,365.0,0.0,98.80433586874857,5.8007466094094235,0.0
232,485.14850097059303,Agosto,20,5.874643624620531,1.210895965434843,479.2738573459725,250.7261426540275,0,0,365.0,0.0,98.78910403456516,5.874643624620531,0.0
233,485.14850097059303,Agosto,21,5.977531864932194,1.2321035421058673,479.17096910566084,250.82903089433916,0,0,365.0,0.0,98.76789645789414,5.977531864932194,0.0
234,485.14850097059303,Agosto,22,6.021683788313304,1.2412042449407268,479.12681718227975,250.87318281772025,0,0,365.0,0.0,98.75879575505928,6.021683788313304,0.0
235,485.14850097059303,Agosto,23,6.0729148251578176,1.2517641120210168,479.07558614543524,250.92441385456476,0,0,365.0,0.0,98.74823588797898,6.0729148251578176,0.0
236,485.14850097059303,Agosto,24,3.0643809657401233,0.6316377273369889,482.08412000485293,247.91587999514707,0,0,365.0,0.0,99.368362272663,3.0643809657401233,0.0
237,485.14850097059303,Agosto,25,5.758318054143731,1.1869186532831868,479.3901829164493,250.6098170835507,0,0,365.0,0.0,98.81308134671681,5.758318054143731,0.0
238,485.14850097059303,Agosto,26,6.0707121893472635,1.251310099320545,479.0777887812458,250.92221121875423,0,0,365.0,0.0,98.74868990067945,6.0707121893472635,0.0
239,485.14850097059303,Agosto,27,6.611775154586203,1.3628353259586743,478.5367258160068,251.46327418399318,0,0,365.0,0.0,98.63716467404132,6.611775154586203,0.0
240,485.14850097059303,Agosto,28,6.693748589580625,1.379731891614432,478.4547523810124,251.54524761898762,0,0,365.0,0.0,98.62026810838557,6.693748589580625,0.0
241,485.14850097059303,Agosto,29,1.3918478052191854,0.2868910864270714,483.75665316537385,246.24334683462615,0,0,365.0,0.0,99.71310891357292,1.3918478052191854,0.0
242,485.14850097059303,Agosto,30,4.381181587167145,0.9030599040092072,480.7673193834259,249.2326806165741,0,0,365.0,0.0,99.09694009599079,4.381181587167145,0.0
243,485.14850097059303,Agosto,31,6.6449725213627095,1.369678048694103,478.5035284492303,251.49647155076968,0,0,365.0,0.0,98.6303219513059,6.6449725213627095,0.0
244,460.8094010902502,Septiembre,1,6.9878105218128015,1.5164209986341466,453.82159056843744,276.17840943156256,0,0,365.0,0.0,98.48357900136587,6.9878105218128015,0.0
245,460.8094010902502,Septiembre,2,6.97611797814533,1.5138836060289158,453.8332831121049,276.1667168878951,0,0,365.0,0.0,98.48611639397107,6.97611797814533,0.0
246,460.8094010902502,Septiembre,3,6.442249578072559,1.3980291119995694,454.36715151217766,275.63284848782234,0,0,365.0,0.0,98.60197088800044,6.442249578072559,0.0
247,460.8094010902502,Septiembre,4,7.264909938819413,1.5765541939098955,453.5444911514308,276.4555088485692,0,0,365.0,0.0,98.4234458060901,7.264909938819413,0.0
248,460.8094010902502,Septiembre,5,7.296542253956338,1.5834187055848061,453.5128588362939,276.4871411637061,0,0,365.0,0.0,98.4165812944152,7.296542253956338,0.0
249,460.8094010902502,Septiembre,6,7.3532425926232055,1.5957232155476495,453.45615849762703,276.54384150237297,0,0,365.0,0.0,98.40427678445235,7.3532425926232055,0.0
250,460.8094010902502,Septiembre,7,7.401475136327675,1.6061901338853297,453.40792595392253,276.59207404607747,0,0,365.0,0.0,98.39380986611467,7.401475136327675,0.0
251,460.8094010902502,Septiembre,8,7.418286200575012,1.609838293885443,453.3911148896752,276.6088851103248,0,0,365.0,0.0,98.39016170611455,7.418286200575012,0.0
252,460.8094010902502,Septiembre,9,7.646751170581803,1.6594173540058,453.1626499196684,276.8373500803316,0,0,365.0,0.0,98.3405826459942,7.646751170581803,0.0
253,460.8094010902502,Septiembre,10,7.802061437665205,1.6931211514361357,453.007339652585,276.992660347415,0,0,365.0,0.0,98.30687884856385,7.802061437665205,0.0
254,460.8094010902502,Septiembre,11,7.9564031548125325,1.726614764366376,452.8529979354377,277.1470020645623,0,0,365.0,0.0,98.27338523563363,7.9564031548125325,0.0
255,460.8094010902502,Septiembre,12,8.045733912722183,1.7460003840386955,452.763667177528,277.236332822472,0,0,365.0,0.0,98.25399961596129,8.045733912722183,0.0
256,460.8094010902502,Septiembre,13,4.322839362885557,0.9380970424340199,456.4865617273647,273.5134382726353,0,0,365.0,0.0,99.06190295756599,4.322839362885557,0.0
257,460.8094010902502,Septiembre,14,7.945655652117591,1.724282454593721,452.86374543813264,277.13625456186736,0,0,365.0,0.0,98.27571754540628,7.945655652117591,0.0
258,460.8094010902502,Septiembre,15,6.389334496174413,1.3865460385698711,454.4200665940758,275.5799334059242,0,0,365.0,0.0,98.61345396143012,6.389334496174413,0.0
259,460.8094010902502,Septiembre,16,4.390748499706601,0.9528339676487342,456.4186525905436,273.5813474094564,0,0,365.0,0.0,99.04716603235127,4.390748499706601,0.0
260,460.8094010902502,Septiembre,17,0.6768934893025436,0.14689229162882744,460.1325076009477,269.8674923990523,0,0,365.0,0.0,99.85310770837118,0.6768934893025436,0.0
261,460.8094010902502,Septiembre,18,8.276865056379574,1.796158029067323,452.53253603387066,277.46746396612934,0,0,365.0,0.0,98.20384197093269,8.276865056379574,0.0
262,460.8094010902502,Septiembre,19,8.350656511784807,1.8121714730705587,452.4587445784654,277.5412554215346,0,0,365.0,0.0,98.18782852692945,8.350656511784807,0.0
263,460.8094010902502,Septiembre,20,8.451703176201823,1.8340995553054147,452.3576979140484,277.6423020859516,0,0,365.0,0.0,98.16590044469459,8.451703176201823,0.0
264,460.8094010902502,Septiembre,21,8.683784138101164,1.8844633198792815,452.1256169521491,277.8743830478509,0,0,365.0,0.0,98.11553668012071,8.683784138101164,0.0
265,460.8094010902502,Septiembre,22,8.621765881893127,1.8710047714943518,452.1876352083571,277.8123647916429,0,0,365.0,0.0,98.12899522850566,8.621765881893127,0.0
266,460.8094010902502,Septiembre,23,7.814176274654136,1.6957501856876653,452.9952248155961,277.0047751844039,0,0,365.0,0.0,98.30424981431234,7.814176274654136,0.0
267,460.8094010902502,Septiembre,24,8.891321704774187,1.9295009354708907,451.918079385476,278.081920614524,0,0,365.0,0.0,98.0704990645291,8.891321704774187,0.0
268,460.8094010902502,Septiembre,25,7.096190169301926,1.539940407576912,453.7132109209483,276.2867890790517,0,0,365.0,0.0,98.4600595924231,7.096190169301926,0.0
269,460.8094010902502,Septiembre,26,8.75590042243613,1.9001132359105826,452.0535006678141,277.9464993321859,0,0,365.0,0.0,98.09988676408942,8.75590042243613,0.0
270,460.8094010902502,Septiembre,27,9.031753468613367,1.959975956923779,451.77764762163685,278.22235237836315,0,0,365.0,0.0,98.04002404307623,9.031753468613367,0.0
271,460.8094010902502,Septiembre,28,9.116670269729415,1.9784037062090885,451.6927308205208,278.3072691794792,0,0,365.0,0.0,98.0215962937909,9.116670269729415,0.0
272,460.8094010902502,Septiembre,29,9.295354634633398,2.0171799040212917,451.51404645561684,278.48595354438316,0,0,365.0,0.0,97.98282009597871,9.295354634633398,0.0
273,460.8094010902502,Septiembre,30,7.595544955179413,1.6483051207741777,453.2138561350708,276.7861438649292,0,0,365.0,0.0,98.35169487922582,7.595544955179413,0.0
274,392.0391927035094,Octubre,1,9.152510406956203,2.33459066779531,382.8866822965532,347.1133177034468,0,0,365.0,0.0,97.66540933220469,9.152510406956203,0.0
275,392.0391927035094,Octubre,2,9.227794830141427,2.353793957819979,382.811397873368,347.188602126632,0,0,365.0,0.0,97.64620604218003,9.227794830141427,0.0
276,392.0391927035094,Octubre,3,9.12931567510582,2.328674235897154,382.90987702840357,347.09012297159643,0,0,365.0,0.0,97.67132576410285,9.12931567510582,0.0
277,392.0391927035094,Octubre,4,8.423947647676421,2.148751401507774,383.615245055833,346.384754944167,0,0,365.0,0.0,97.85124859849222,8.423947647676421,0.0
278,392.0391927035094,Octubre,5,9.386946254903757,2.3943897522518616,382.65224644860564,347.34775355139436,0,0,365.0,0.0,97.60561024774815,9.386946254903757,0.0
279,392.0391927035094,Octubre,6,9.440824375752364,2.4081327967870423,382.59836832775704,347.40163167224296,0,0,365.0,0.0,97.59186720321296,9.440824375752364,0.0
280,392.0391927035094,Octubre,7,9.529644994405759,2.4307888526882104,382.50954770910363,347.49045229089637,0,0,365.0,0.0,97.56921114731179,9.529644994405759,0.0
281,392.0391927035094,Octubre,8,9.582213407876893,2.44419782159987,382.4569792956325,347.5430207043675,0,0,365.0,0.0,97.55580217840013,9.582213407876893,0.0
282,392.0391927035094,Octubre,9,7.144222602677231,1.8223235675521476,384.89497010083215,345.10502989916785,0,0,365.0,0.0,98.17767643244785,7.144222602677231,0.0
283,392.0391927035094,Octubre,10,8.76134221194541,2.2348128388712962,383.277850491564,346.722149508436,0,0,365.0,0.0,97.7651871611287,8.76134221194541,0.0
284,392.0391927035094,Octubre,11,9.726156208882294,2.4809142529374535,382.3130364946271,347.6869635053729,0,0,365.0,0.0,97.51908574706255,9.726156208882294,0.0
285,392.0391927035094,Octubre,12,8.937285362233649,2.2796918085158695,383.10190734127576,346.89809265872424,0,0,365.0,0.0,97.72030819148412,8.937285362233649,0.0
286,392.0391927035094,Octubre,13,9.885915815367664,2.5216651802576697,382.15327688814176,347.84672311185824,0,0,365.0,0.0,97.47833481974234,9.885915815367664,0.0
287,392.0391927035094,Octubre,14,8.888997419344445,2.2673746872208764,383.15019528416497,346.84980471583503,0,0,365.0,0.0,97.73262531277913,8.888997419344445,0.0
288,392.0391927035094,Octubre,15,9.663275347139633,2.464874820423313,382.37591735636977,347.62408264363023,0,0,365.0,0.0,97.53512517957668,9.663275347139633,0.0
289,392.0391927035094,Octubre,16,8.356495414269869,2.1315459193361064,383.6826972892395,346.3173027107605,0,0,365.0,0.0,97.8684540806639,8.356495414269869,0.0
290,392.0391927035094,Octubre,17,9.161921676169385,2.3369912617635515,382.87727102734004,347.12272897265996,0,0,365.0,0.0,97.66300873823646,9.161921676169385,0.0
291,392.0391927035094,Octubre,18,9.23160101617916,2.3547648265771266,382.8075916873302,347.1924083126698,0,0,365.0,0.0,97.64523517342288,9.23160101617916,0.0
292,392.0391927035094,Octubre,19,9.15910593007252,2.3362730309975284,382.88008677343686,347.11991322656314,0,0,365.0,0.0,97.66372696900247,9.15910593007252,0.0
293,392.0391927035094,Octubre,20,8.416471166985025,2.1468443266972588,383.62272153652435,346.37727846347565,0,0,365.0,0.0,97.85315567330274,8.416471166985025,0.0
294,392.0391927035094,Octubre,21,10.085056264014785,2.5724612364565016,381.9541364394946,348.0458635605054,0,0,365.0,0.0,97.4275387635435,10.085056264014785,0.0
295,392.0391927035094,Octubre,22,9.225082116771322,2.3531020082851892,382.8141105867381,347.1858894132619,0,0,365.0,0.0,97.64689799171481,9.225082116771322,0.0
296,392.0391927035094,Octubre,23,10.054219974479587,2.5645956224798603,381.98497272902983,348.01502727097017,0,0,365.0,0.0,97.43540437752014,10.054219974479587,0.0
297,392.0391927035094,Octubre,24,3.9288914114202216,1.0021680190509819,388.11030129208916,341.88969870791084,0,0,365.0,0.0,98.99783198094902,3.9288914114202216,0.0
298,392.0391927035094,Octubre,25,10.119990412522247,2.5813721181126326,381.91920229098713,348.08079770901287,0,0,365.0,0.0,97.41862788188736,10.119990412522247,0.0
299,392.0391927035094,Octubre,26,10.387185121412474,2.6495272194043293,381.6520075820969,348.3479924179031,0,0,365.0,0.0,97.35047278059568,10.387185121412474,0.0
300,392.0391927035094,Octubre,27,10.315326436494148,2.6311977548365686,381.72386626701524,348.27613373298476,0,0,365.0,0.0,97.36880224516344,10.315326436494148,0.0
301,392.0391927035094,Octubre,28,6.7125051706377965,1.7122025796319595,385.32668753287163,344.67331246712837,0,0,365.0,0.0,98.28779742036805,6.7125051706377965,0.0
302,392.0391927035094,Octubre,29,9.79230229040119,2.497786566407633,382.2468904131082,347.7531095868918,0,0,365.0,0.0,97.50221343359236,9.79230229040119,0.0
303,392.0391927035094,Octubre,30,10.21938234243821,2.60672466749183,381.8198103610712,348.1801896389288,0,0,365.0,0.0,97.39327533250817,10.21938234243821,0.0
304,392.0391927035094,Octubre,31,9.458750643129397,2.4127053670072325,382.58044206038,347.41955793962,0,0,365.0,0.0,97.58729463299277,9.458750643129397,0.0
305,334.21341177974193,Noviembre,1,10.422413252757295,3.1184904271962672,323.79099852698465,406.20900147301535,0,0,365.0,0.0,96.88150957280374,10.422413252757295,0.0
306,334.21341177974193,Noviembre,2,10.456115767858416,3.1285745572500705,323.7572960118835,406.2427039881165,0,0,365.0,0.0,96.87142544274992,10.456115767858416,0.0
307,334.21341177974193,Noviembre,3,10.523848281185295,3.1488408035883584,323.68956349855665,406.31043650144335,0,0,365.0,0.0,96.85115919641166,10.523848281185295,0.0
308,334.21341177974193,Noviembre,4,10.562832314346096,3.1605052167407823,323.6505794653958,406.3494205346042,0,0,365.0,0.0,96.83949478325921,10.562832314346096,0.0
309,334.21341177974193,Noviembre,5,10.564814027788485,3.1610981652498906,323.64859775195345,406.35140224804655,0,0,365.0,0.0,96.83890183475012,10.564814027788485,0.0
310,334.21341177974193,Noviembre,6,10.562588462291028,3.1604322537636924,323.6508233174509,406.3491766825491,0,0,365.0,0.0,96.8395677462363,10.562588462291028,0.0
311,334.21341177974193,Noviembre,7,10.577481635926768,3.164888440472787,323.6359301438152,406.3640698561848,0,0,365.0,0.0,96.83511155952722,10.577481635926768,0.0
312,334.21341177974193,Noviembre,8,10.597210874947438,3.1707916263789446,323.6162009047945,406.3837990952055,0,0,365.0,0.0,96.82920837362106,10.597210874947438,0.0
313,334.21341177974193,Noviembre,9,10.556970694491255,3.1587513613752463,323.65644108525066,406.34355891474934,0,0,365.0,0.0,96.84124863862476,10.556970694491255,0.0
314,334.21341177974193,Noviembre,10,10.666641845122305,3.1915660680164404,323.54676993461965,406.45323006538035,0,0,365.0,0.0,96.80843393198356,10.666641845122305,0.0
315,334.21341177974193,Noviembre,11,8.90961261288312,2.6658453248294114,325.3037991668588,404.6962008331412,0,0,365.0,0.0,97.3341546751706,8.90961261288312,0.0
316,334.21341177974193,Noviembre,12,10.758618052646257,3.219086270462585,323.45479372709565,406.54520627290435,0,0,365.0,0.0,96.78091372953742,10.758618052646257,0.0
317,334.21341177974193,Noviembre,13,10.615300868751989,3.176204333699162,323.59811091098993,406.40188908901007,0,0,365.0,0.0,96.82379566630084,10.615300868751989,0.0
318,334.21341177974193,Noviembre,14,10.674623993915976,3.1939544068778774,323.53878778582595,406.46121221417405,0,0,365.0,0.0,96.80604559312212,10.674623993915976,0.0
319,334.21341177974193,Noviembre,15,9.973484238524716,2.9841663700490817,324.23992754121724,405.76007245878276,0,0,365.0,0.0,97.01583362995092,9.973484238524716,0.0
320,334.21341177974193,Noviembre,16,9.216150055384599,2.757564397642533,324.9972617243573,405.0027382756427,0,0,365.0,0.0,97.24243560235746,9.216150055384599,0.0
321,334.21341177974193,Noviembre,17,10.053306767678624,3.0080500702060684,324.1601050120633,405.8398949879367,0,0,365.0,0.0,96.99194992979393,10.053306767678624,0.0
322,334.21341177974193,Noviembre,18,10.829021653441519,3.2401517329227394,323.3843901263004,406.6156098736996,0,0,365.0,0.0,96.75984826707726,10.829021653441519,0.0
323,334.21341177974193,Noviembre,19,10.826523035212862,3.2394041213247036,323.3868887445291,406.6131112554709,0,0,365.0,0.0,96.76059587867529,10.826523035212862,0.0
324,334.21341177974193,Noviembre,20,10.833385338181012,3.2414573910997273,323.3800264415609,406.6199735584391,0,0,365.0,0.0,96.75854260890027,10.833385338181012,0.0
325,334.21341177974193,Noviembre,21,8.43382412648284,2.523484644608164,325.7795876532591,404.2204123467409,0,0,365.0,0.0,97.47651535539184,8.43382412648284,0.0
326,334.21341177974193,Noviembre,22,11.017476534022666,3.2965393205954165,323.1959352457193,406.8040647542807,0,0,365.0,0.0,96.70346067940459,11.017476534022666,0.0
327,334.21341177974193,Noviembre,23,10.918129409234808,3.266813665883112,323.29528237050715,406.70471762949285,0,0,365.0,0.0,96.7331863341169,10.918129409234808,0.0
328,334.21341177974193,Noviembre,24,10.204509690194719,3.0532914989419515,324.00890208954723,405.99109791045277,0,0,365.0,0.0,96.94670850105805,10.204509690194719,0.0
329,334.21341177974193,Noviembre,25,10.247033224550833,3.066014966300628,323.9663785551911,406.0336214448089,0,0,365.0,0.0,96.93398503369937,10.247033224550833,0.0
330,334.21341177974193,Noviembre,26,9.565949507919507,2.8622278971329242,324.6474622718224,405.3525377281776,0,0,365.0,0.0,97.13777210286707,9.565949507919507,0.0
331,334.21341177974193,Noviembre,27,10.340423095431378,3.0939581509811074,323.87298868431054,406.12701131568946,0,0,365.0,0.0,96.90604184901889,10.340423095431378,0.0
332,334.21341177974193,Noviembre,28,9.289154447512475,2.7794080429167054,324.92425733222944,405.07574266777056,0,0,365.0,0.0,97.22059195708329,9.289154447512475,0.0
333,334.21341177974193,Noviembre,29,10.801782967797605,3.2320016453787166,323.41162881194435,406.58837118805565,0,0,365.0,0.0,96.76799835462128,10.801782967797605,0.0
334,334.21341177974193,Noviembre,30,10.876668128206635,3.254408035358776,323.3367436515353,406.6632563484647,0,0,365.0,0.0,96.74559196464122,10.876668128206635,0.0
335,347.93478352436483,Diciembre,1,10.885991531826342,3.1287448244058726,337.0487919925385,392.9512080074615,0,0,365.0,0.0,96.87125517559413,10.885991531826342,0.0
336,347.93478352436483,Diciembre,2,4.420158270728696,1.2703984999588769,343.51462525363615,386.48537474636385,0,0,365.0,0.0,98.72960150004113,4.420158270728696,0.0
337,347.93478352436483,Diciembre,3,8.712470538595255,2.5040527567676047,339.2223129857696,390.7776870142304,0,0,365.0,0.0,97.4959472432324,8.712470538595255,0.0
338,347.93478352436483,Diciembre,4,10.990817133175362,3.1588727697314885,336.94396639118946,393.05603360881054,0,0,365.0,0.0,96.84112723026851,10.990817133175362,0.0
339,347.93478352436483,Diciembre,5,10.900767478418096,3.132991581928097,337.0340160459467,392.9659839540533,0,0,365.0,0.0,96.8670084180719,10.900767478418096,0.0
340,347.93478352436483,Diciembre,6,10.886456368654976,3.1288784232441165,337.04832715570984,392.95167284429016,0,0,365.0,0.0,96.87112157675588,10.886456368654976,0.0
341,347.93478352436483,Diciembre,7,10.84756123288476,3.1176995651327677,337.0872222914801,392.9127777085199,0,0,365.0,0.0,96.88230043486725,10.84756123288476,0.0
342,347.93478352436483,Diciembre,8,10.795164169674976,3.102640115577586,337.13961935468984,392.86038064531016,0,0,365.0,0.0,96.8973598844224,10.795164169674976,0.0
343,347.93478352436483,Diciembre,9,10.937637943692778,3.143588529120673,336.99714558067205,393.00285441932795,0,0,365.0,0.0,96.85641147087932,10.937637943692778,0.0
344,347.93478352436483,Diciembre,10,11.085062956294642,3.18595997905406,336.8497205680702,393.1502794319298,0,0,365.0,0.0,96.81404002094595,11.085062956294642,0.0
345,347.93478352436483,Diciembre,11,11.255467913120633,3.234936098975125,336.6793156112442,393.3206843887558,0,0,365.0,0.0,96.76506390102487,11.255467913120633,0.0
346,347.93478352436483,Diciembre,12,11.204882387116726,3.220397303660812,336.72990113724813,393.27009886275187,0,0,365.0,0.0,96.7796026963392,11.204882387116726,0.0
347,347.93478352436483,Diciembre,13,10.978788126482806,3.1554155107099247,336.955995397882,393.044004602118,0,0,365.0,0.0,96.84458448929007,10.978788126482806,0.0
348,347.93478352436483,Diciembre,14,10.999704261056047,3.161427020787007,336.9350792633088,393.0649207366912,0,0,365.0,0.0,96.838572979213,10.999704261056047,0.0
349,347.93478352436483,Diciembre,15,10.776080341136494,3.0971552289142936,337.15870318322834,392.84129681677166,0,0,365.0,0.0,96.90284477108571,10.776080341136494,0.0
350,347.93478352436483,Diciembre,16,10.848683960950913,3.11802224861235,337.08609956341394,392.91390043658606,0,0,365.0,0.0,96.88197775138767,10.848683960950913,0.0
351,347.93478352436483,Diciembre,17,11.013924970391745,3.165514197467547,336.92085855397306,393.07914144602694,0,0,365.0,0.0,96.83448580253244,11.013924970391745,0.0
352,347.93478352436483,Diciembre,18,11.08765796344565,3.1867058105356736,336.84712556091915,393.15287443908085,0,0,365.0,0.0,96.81329418946432,11.08765796344565,0.0
353,347.93478352436483,Diciembre,19,11.024609867156057,3.1685851456079086,336.91017365720876,393.08982634279124,0,0,365.0,0.0,96.83141485439208,11.024609867156057,0.0
354,347.93478352436483,Diciembre,20,10.253935551767796,2.947085499156408,337.680847972597,392.319152027403,0,0,365.0,0.0,97.05291450084358,10.253935551767796,0.0
355,347.93478352436483,Diciembre,21,10.773621296485176,3.096448474439674,337.16116222787963,392.83883777212037,0,0,365.0,0.0,96.90355152556032,10.773621296485176,0.0
356,347.93478352436483,Diciembre,22,11.23630099987675,3.2294273329214023,336.6984825244881,393.3015174755119,0,0,365.0,0.0,96.7705726670786,11.23630099987675,0.0
357,347.93478352436483,Diciembre,23,10.646624210862123,3.0599482187490383,337.2881593135027,392.7118406864973,0,0,365.0,0.0,96.94005178125097,10.646624210862123,0.0
358,347.93478352436483,Diciembre,24,10.783232879079959,3.099210941157552,337.1515506452849,392.8484493547151,0,0,365.0,0.0,96.90078905884245,10.783232879079959,0.0
359,347.93478352436483,Diciembre,25,11.45185663895775,3.2913802187172845,336.4829268854071,393.5170731145929,0,0,365.0,0.0,96.70861978128272,11.45185663895775,0.0
360,347.93478352436483,Diciembre,26,10.698461438972398,3.0748467659955065,337.23632208539243,392.76367791460757,0,0,365.0,0.0,96.9251532340045,10.698461438972398,0.0
361,347.93478352436483,Diciembre,27,11.405867105128973,3.2781623583576702,336.5289164192359,393.4710835807641,0,0,365.0,0.0,96.72183764164234,11.405867105128973,0.0
362,347.93478352436483,Diciembre,28,11.35506255837325,3.263560614248874,336.57972096599156,393.42027903400844,0,0,365.0,0.0,96.73643938575111,11.35506255837325,0.0
363,347.93478352436483,Diciembre,29,11.387273753778823,3.272818439833109,336.54750977058603,393.45249022941397,0,0,365.0,0.0,96.7271815601669,11.387273753778823,0.0
364,347.93478352436483,Diciembre,30,11.396904753109311,3.2755864871185607,336.5378787712555,393.4621212287445,0,0,365.0,0.0,96.72441351288144,11.396904753109311,0.0
365,347.93478352436483,Diciembre,31,11.417967667942015,3.2816401833369584,336.5168158564228,393.4831841435772,0,0,365.0,0.0,96.71835981666304,11.417967667942015,0.0
